1,Quốc Pháp,2,0336056504,Huế,3
2,Quốc,2,0335064055,Huế,200000
1,Quốc Pháp,2,0336056504,Huế,3
1,Quốc,10,0123456789,Huế,507
1,QUốc,12,09123456789,Huế,6000000
2,QUốc,1,09123456789,Huế,1
9,QUốc,1,09123456789,Huế,3
9,Hihi,12,0336056504,Sài gòn,3
10,Hihi,1,0336056504,Sài gòn,2
9,ALo,10,0123456789,Hà Nội,30
9,Lô,10,0123123123,Hu,30
3,Lô,3,0123123123,Hu,12
7,Lô,2,0123123123,Hu,730
2,HAY,1,0123456123,Huế,5000000
1,Vũ,10,0908080808,Mỹ,5000000
1,Quân,10,01231231234,Mỹ,5000000
4,Quốc Pháp,1,0336056504,Huế,15
4,Cường,1,0336056504,Huế,15
2,Cường,1,0336056504,Huế,5000000
12,Quang,12,01234561234,Sài gòn,1800000
